State,Unemployment
hmas,0.187845304
ms,0.073664825
ca,0.224677716
hh,0.075506446
bsm,0.141804788
hmr,0.081031308
bm,0.055248619
ac,0.160220994
